__v,_id,data,notaCem,notaCinco,notaCinquenta,notaDez,notaDois,notaDuzentos,notaUm,notaVinte,valorFinal,valorInicial
,61de412c39bfb29b1d0f0eeb,Tue Nov 01 2022 00:23:50 GMT-0300 (Brasilia Standard Time),2,2,4,2,10,5,10,1,2000,1500
0,61df1f316349e0113e8a8ea6,,2,6,4,4,5,1,6,2,1500,1500
0,61df1f906349e0113e8a8eaa,,2,6,4,4,5,1,6,2,1500,1500
0,61df1ff14785a55df6a5c2a1,Wed Jan 12 2022 15:37:37 GMT-0300 (Brasilia Standard Time),8,0,15,3,0,0,0,1,9944,1500
0,61f143d99e5be736b7d16d67,Wed Jan 26 2022 09:51:37 GMT-0300 (Brasilia Standard Time),1,3,6,3,10,2,8,1,1035,1035