__v,_id,itens,notaCem,notaCinco,notaCinquenta,notaDez,notaDois,notaDuzentos,notaUm,notaVinte,recebido,total
0,61df3a11f68181c9e713b0da,"[{""nome"":""Refrescao"",""qtd"":2,""preco"":20,""_id"":{""$oid"":""61df3a11f68181c9e713b0db""}},{""nome"":""Refresco Uva"",""qtd"":1,""preco"":10,""_id"":{""$oid"":""61df3a11f68181c9e713b0dc""}}]",0,0,0,1,0,0,0,1,30,30
0,61df3a54f68181c9e713b0de,"[{""nome"":""Refrescao"",""qtd"":2,""preco"":20,""_id"":{""$oid"":""61df3a54f68181c9e713b0df""}},{""nome"":""Refresco Uva"",""qtd"":2,""preco"":20,""_id"":{""$oid"":""61df3a54f68181c9e713b0e0""}}]",0,0,1,0,0,0,0,0,50,40
0,61df3a8bf68181c9e713b0e2,"[{""nome"":""Refrescao"",""qtd"":2,""preco"":20,""_id"":{""$oid"":""61df3a8bf68181c9e713b0e3""}},{""nome"":""Refresco Uva"",""qtd"":2,""preco"":20,""_id"":{""$oid"":""61df3a8bf68181c9e713b0e4""}},{""nome"":""Refresco Congelante"",""qtd"":1,""preco"":30,""_id"":{""$oid"":""61df3a8bf68181c9e713b0e5""}}]",0,0,1,0,0,0,0,1,70,70
0,61e85969e7b85fbce56027b0,"[{""nome"":""Suco de uva"",""qtd"":2,""preco"":10,""_id"":{""$oid"":""61e858eae7b85fbce560275f""}},{""nome"":""Denis"",""qtd"":1,""preco"":29,""_id"":{""$oid"":""61e8590ce7b85fbce560278e""}},{""nome"":""Refresco basico"",""qtd"":1,""preco"":4,""_id"":{""$oid"":""61e85927e7b85fbce56027a6""}}]",0,0,0,1,1,0,1,2,53,53
0,61e85b25c0c8a009b2be1811,"[{""nome"":""Denis"",""qtd"":2,""preco"":29,""_id"":{""$oid"":""61e859fcc0c8a009b2be17ca""}},{""nome"":""Teste"",""qtd"":1,""preco"":11,""_id"":{""$oid"":""61e85a18c0c8a009b2be17ea""}},{""nome"":""Combo 2 Refrescos Chocolate"",""qtd"":1,""preco"":42,""_id"":{""$oid"":""61e85a3ac0c8a009b2be180a""}}]",1,2,0,0,0,0,1,0,111,111
0,61e86442c0c8a009b2be1862,"[{""nome"":""Denis"",""qtd"":0,""preco"":29,""_id"":{""$oid"":""61e859fcc0c8a009b2be17cc""}}]",0,0,0,0,0,0,0,0,0,0
0,61e86443c0c8a009b2be1866,"[{""nome"":""Denis"",""qtd"":0,""preco"":29,""_id"":{""$oid"":""61e859fcc0c8a009b2be17cc""}}]",0,0,0,0,0,0,0,0,0,0
0,61e86444c0c8a009b2be186a,"[{""nome"":""Denis"",""qtd"":0,""preco"":29,""_id"":{""$oid"":""61e859fcc0c8a009b2be17cc""}}]",0,0,0,0,0,0,0,0,0,0
0,61e86445c0c8a009b2be186e,"[{""nome"":""Denis"",""qtd"":0,""preco"":29,""_id"":{""$oid"":""61e859fcc0c8a009b2be17cc""}}]",0,0,0,0,0,0,0,0,0,0
0,61e86447c0c8a009b2be1872,"[{""nome"":""Denis"",""qtd"":0,""preco"":29,""_id"":{""$oid"":""61e859fcc0c8a009b2be17cc""}}]",0,0,0,0,0,0,0,0,0,0
0,61e8663ac0c8a009b2be18c9,[],0,0,0,0,0,0,0,0,0,0
0,61e8663ac0c8a009b2be18cc,[],0,0,0,0,0,0,0,0,0,0
0,61e87aa0c0c8a009b2be192f,"[{""nome"":""Denis"",""qtd"":1,""preco"":29,""_id"":{""$oid"":""61e87922c0c8a009b2be190c""}},{""nome"":""Denis"",""qtd"":1,""preco"":29,""_id"":{""$oid"":""61e87922c0c8a009b2be190e""}}]",0,0,0,0,0,0,0,0,0,0
0,61e9618e2d24964ccb18152a,"[{""nome"":""Denis"",""qtd"":1,""preco"":29,""_id"":{""$oid"":""61e883ea213f0dbf0c6f17fc""}},{""nome"":""Teste"",""qtd"":1,""preco"":11,""_id"":{""$oid"":""61e95cf72d24964ccb181511""}}]",0,0,0,0,0,1,0,0,200,40
0,61e9649c2d24964ccb18156a,"[{""nome"":""Denis"",""qtd"":1,""preco"":29,""_id"":{""$oid"":""61e883ea213f0dbf0c6f17fc""}},{""nome"":""Teste"",""qtd"":1,""preco"":11,""_id"":{""$oid"":""61e95cf72d24964ccb181511""}}]",1,0,0,0,0,0,0,0,100,40
0,61e964f32d24964ccb181591,"[{""nome"":""Denis"",""qtd"":2,""preco"":29,""_id"":{""$oid"":""61e883ea213f0dbf0c6f17fc""}},{""nome"":""Teste"",""qtd"":1,""preco"":11,""_id"":{""$oid"":""61e95cf72d24964ccb181511""}}]",1,0,0,0,0,0,0,0,100,69
0,61e965da2d24964ccb1815d4,"[{""nome"":""Teste"",""qtd"":0,""preco"":11,""_id"":{""$oid"":""61e965852d24964ccb1815b1""}},{""nome"":""Teste"",""qtd"":0,""preco"":11,""_id"":{""$oid"":""61e965852d24964ccb1815af""}},{""nome"":""Denis"",""qtd"":2,""preco"":29,""_id"":{""$oid"":""61e965a02d24964ccb1815c5""}}]",0,2,1,5,5,0,0,1,140,110
0,61e9664d2d24964ccb1815f8,"[{""nome"":""Teste"",""qtd"":0,""preco"":11,""_id"":{""$oid"":""61e965852d24964ccb1815b1""}},{""nome"":""Teste"",""qtd"":0,""preco"":11,""_id"":{""$oid"":""61e965852d24964ccb1815af""}},{""nome"":""Denis"",""qtd"":2,""preco"":29,""_id"":{""$oid"":""61e965a02d24964ccb1815c5""}},{""nome"":""Suco de uva"",""qtd"":0,""preco"":10,""_id"":{""$oid"":""61e966492d24964ccb1815f1""}}]",0,0,1,0,0,0,0,0,50,11
0,61e967742d24964ccb181623,"[{""nome"":""Teste"",""qtd"":0,""preco"":11,""_id"":{""$oid"":""61e965852d24964ccb1815af""}},{""nome"":""Denis"",""qtd"":2,""preco"":29,""_id"":{""$oid"":""61e965a02d24964ccb1815c5""}},{""nome"":""Suco de uva"",""qtd"":0,""preco"":10,""_id"":{""$oid"":""61e966492d24964ccb1815f1""}},{""nome"":""Refresco basico"",""qtd"":1,""preco"":4,""_id"":{""$oid"":""61e9676c2d24964ccb18161c""}}]",0,0,0,0,0,14,0,0,2800,4
0,61e9689d2d24964ccb18163a,"[{""nome"":""Teste"",""qtd"":0,""preco"":11,""_id"":{""$oid"":""61e965852d24964ccb1815af""}},{""nome"":""Denis"",""qtd"":2,""preco"":29,""_id"":{""$oid"":""61e965a02d24964ccb1815c5""}},{""nome"":""Suco de uva"",""qtd"":0,""preco"":10,""_id"":{""$oid"":""61e966492d24964ccb1815f1""}},{""nome"":""Refresco basico"",""qtd"":1,""preco"":4,""_id"":{""$oid"":""61e9676c2d24964ccb18161c""}}]",0,0,0,0,0,0,0,1,20,4
0,61e968d12d24964ccb181642,"[{""nome"":""Teste"",""qtd"":0,""preco"":11,""_id"":{""$oid"":""61e965852d24964ccb1815af""}},{""nome"":""Denis"",""qtd"":2,""preco"":29,""_id"":{""$oid"":""61e965a02d24964ccb1815c5""}},{""nome"":""Suco de uva"",""qtd"":0,""preco"":10,""_id"":{""$oid"":""61e966492d24964ccb1815f1""}},{""nome"":""Refresco basico"",""qtd"":1,""preco"":4,""_id"":{""$oid"":""61e9676c2d24964ccb18161c""}}]",0,0,0,0,0,1000,0,0,200000,4
0,61e969802d24964ccb181675,"[{""nome"":""Teste"",""qtd"":0,""preco"":11,""_id"":{""$oid"":""61e965852d24964ccb1815af""}},{""nome"":""Denis"",""qtd"":2,""preco"":29,""_id"":{""$oid"":""61e965a02d24964ccb1815c5""}},{""nome"":""Suco de uva"",""qtd"":0,""preco"":10,""_id"":{""$oid"":""61e966492d24964ccb1815f1""}},{""nome"":""Refresco basico"",""qtd"":0,""preco"":4,""_id"":{""$oid"":""61e9697a2d24964ccb18166e""}}]",0,0,0,0,0,1,0,0,200,4
0,61e969ac2d24964ccb18167e,"[{""nome"":""Teste"",""qtd"":0,""preco"":11,""_id"":{""$oid"":""61e965852d24964ccb1815af""}},{""nome"":""Denis"",""qtd"":2,""preco"":29,""_id"":{""$oid"":""61e965a02d24964ccb1815c5""}},{""nome"":""Suco de uva"",""qtd"":0,""preco"":10,""_id"":{""$oid"":""61e966492d24964ccb1815f1""}},{""nome"":""Refresco basico"",""qtd"":0,""preco"":4,""_id"":{""$oid"":""61e9697a2d24964ccb18166e""}}]",0,0,0,0,0,100009,0,0,20001800,4
0,61e96a2e2d24964ccb181690,"[{""nome"":""Teste"",""qtd"":0,""preco"":11,""_id"":{""$oid"":""61e965852d24964ccb1815af""}},{""nome"":""Denis"",""qtd"":2,""preco"":29,""_id"":{""$oid"":""61e965a02d24964ccb1815c5""}},{""nome"":""Suco de uva"",""qtd"":0,""preco"":10,""_id"":{""$oid"":""61e966492d24964ccb1815f1""}},{""nome"":""Refresco basico"",""qtd"":0,""preco"":4,""_id"":{""$oid"":""61e9697a2d24964ccb18166e""}}]",0,0,0,0,0,18,0,0,3600,4
0,61e96a472d24964ccb1816a7,"[{""nome"":""Teste"",""qtd"":0,""preco"":11,""_id"":{""$oid"":""61e965852d24964ccb1815af""}},{""nome"":""Denis"",""qtd"":2,""preco"":29,""_id"":{""$oid"":""61e965a02d24964ccb1815c5""}},{""nome"":""Suco de uva"",""qtd"":0,""preco"":10,""_id"":{""$oid"":""61e966492d24964ccb1815f1""}},{""nome"":""Refresco basico"",""qtd"":0,""preco"":4,""_id"":{""$oid"":""61e9697a2d24964ccb18166e""}}]",0,0,0,0,0,1,0,0,200,4
0,61e96a702d24964ccb1816b2,"[{""nome"":""Teste"",""qtd"":0,""preco"":11,""_id"":{""$oid"":""61e965852d24964ccb1815af""}},{""nome"":""Denis"",""qtd"":2,""preco"":29,""_id"":{""$oid"":""61e965a02d24964ccb1815c5""}},{""nome"":""Suco de uva"",""qtd"":0,""preco"":10,""_id"":{""$oid"":""61e966492d24964ccb1815f1""}},{""nome"":""Refresco basico"",""qtd"":0,""preco"":4,""_id"":{""$oid"":""61e9697a2d24964ccb18166e""}}]",0,0,0,1,0,0,0,0,10,4
0,61e96aba2d24964ccb1816d0,"[{""nome"":""Teste"",""qtd"":0,""preco"":11,""_id"":{""$oid"":""61e965852d24964ccb1815af""}},{""nome"":""Denis"",""qtd"":2,""preco"":29,""_id"":{""$oid"":""61e965a02d24964ccb1815c5""}},{""nome"":""Suco de uva"",""qtd"":0,""preco"":10,""_id"":{""$oid"":""61e966492d24964ccb1815f1""}},{""nome"":""Refresco basico"",""qtd"":0,""preco"":4,""_id"":{""$oid"":""61e9697a2d24964ccb18166e""}},{""nome"":""Refresco tamarindo"",""qtd"":2,""preco"":15,""_id"":{""$oid"":""61e96ab12d24964ccb1816c7""}}]",0,0,1,0,0,0,0,0,50,34
0,61e96b852d24964ccb181728,"[{""nome"":""Teste"",""qtd"":0,""preco"":11,""_id"":{""$oid"":""61e965852d24964ccb1815af""}},{""nome"":""Denis"",""qtd"":2,""preco"":29,""_id"":{""$oid"":""61e965a02d24964ccb1815c5""}},{""nome"":""Suco de uva"",""qtd"":2,""preco"":10,""_id"":{""$oid"":""61e966492d24964ccb1815f1""}},{""nome"":""Refresco tamarindo"",""qtd"":0,""preco"":15,""_id"":{""$oid"":""61e96b5f2d24964ccb18170c""}}]",0,0,1,0,0,0,0,0,50,20
0,61e96c8c2d24964ccb18173f,"[{""nome"":""Teste"",""qtd"":0,""preco"":11,""_id"":{""$oid"":""61e965852d24964ccb1815af""}},{""nome"":""Denis"",""qtd"":2,""preco"":29,""_id"":{""$oid"":""61e965a02d24964ccb1815c5""}},{""nome"":""Suco de uva"",""qtd"":2,""preco"":10,""_id"":{""$oid"":""61e966492d24964ccb1815f1""}},{""nome"":""Refresco tamarindo"",""qtd"":0,""preco"":15,""_id"":{""$oid"":""61e96b5f2d24964ccb18170c""}}]",1,0,0,0,0,0,0,0,100,20
0,61e96cc42d24964ccb18175e,"[{""nome"":""Teste"",""qtd"":0,""preco"":11,""_id"":{""$oid"":""61e965852d24964ccb1815af""}},{""nome"":""Denis"",""qtd"":2,""preco"":29,""_id"":{""$oid"":""61e965a02d24964ccb1815c5""}},{""nome"":""Suco de uva"",""qtd"":2,""preco"":10,""_id"":{""$oid"":""61e966492d24964ccb1815f1""}},{""nome"":""Refresco tamarindo"",""qtd"":0,""preco"":15,""_id"":{""$oid"":""61e96b5f2d24964ccb18170c""}}]",1,0,0,0,0,0,0,0,100,20
0,61e96d082d24964ccb181797,"[{""nome"":""Teste"",""qtd"":0,""preco"":11,""_id"":{""$oid"":""61e965852d24964ccb1815af""}},{""nome"":""Denis"",""qtd"":2,""preco"":29,""_id"":{""$oid"":""61e965a02d24964ccb1815c5""}},{""nome"":""Refresco tamarindo"",""qtd"":0,""preco"":15,""_id"":{""$oid"":""61e96b5f2d24964ccb18170c""}},{""nome"":""Suco de uva"",""qtd"":2,""preco"":10,""_id"":{""$oid"":""61e96cfb2d24964ccb18178f""}}]",0,0,1,0,0,0,0,0,50,20
0,61e96d5a2d24964ccb1817bb,"[{""nome"":""Teste"",""qtd"":0,""preco"":11,""_id"":{""$oid"":""61e965852d24964ccb1815af""}},{""nome"":""Denis"",""qtd"":2,""preco"":29,""_id"":{""$oid"":""61e965a02d24964ccb1815c5""}},{""nome"":""Refresco tamarindo"",""qtd"":0,""preco"":15,""_id"":{""$oid"":""61e96b5f2d24964ccb18170c""}},{""nome"":""Suco de uva"",""qtd"":2,""preco"":10,""_id"":{""$oid"":""61e96cfb2d24964ccb18178f""}}]",0,0,0,2,0,0,0,0,20,20
0,61e96dc22d24964ccb18180c,"[{""nome"":""Teste"",""qtd"":0,""preco"":11,""_id"":{""$oid"":""61e965852d24964ccb1815af""}},{""nome"":""Denis"",""qtd"":1,""preco"":29,""_id"":{""$oid"":""61e965a02d24964ccb1815c5""}},{""nome"":""Refresco tamarindo"",""qtd"":0,""preco"":15,""_id"":{""$oid"":""61e96b5f2d24964ccb18170c""}},{""nome"":""Suco de uva"",""qtd"":0,""preco"":10,""_id"":{""$oid"":""61e96d632d24964ccb1817db""}}]",0,0,0,1,0,0,0,1,30,29
0,61e97aa22d24964ccb181875,"[{""nome"":""Teste"",""qtd"":0,""preco"":11,""_id"":{""$oid"":""61e965852d24964ccb1815af""}},{""nome"":""Refresco tamarindo"",""qtd"":0,""preco"":15,""_id"":{""$oid"":""61e96b5f2d24964ccb18170c""}},{""nome"":""Suco de uva"",""qtd"":0,""preco"":10,""_id"":{""$oid"":""61e96d632d24964ccb1817db""}},{""nome"":""Refresco basico"",""qtd"":1,""preco"":4,""_id"":{""$oid"":""61e973bc2d24964ccb181869""}}]",0,1,0,0,0,0,0,0,5,4
0,61eaddb4a458024eba812f06,"[{""nome"":""Teste"",""qtd"":0,""preco"":11,""_id"":{""$oid"":""61e965852d24964ccb1815af""}},{""nome"":""Refresco tamarindo"",""qtd"":2,""preco"":15,""_id"":{""$oid"":""61e96b5f2d24964ccb18170c""}},{""nome"":""Suco de uva"",""qtd"":0,""preco"":10,""_id"":{""$oid"":""61e96d632d24964ccb1817db""}},{""nome"":""Refresco basico"",""qtd"":1,""preco"":4,""_id"":{""$oid"":""61e973bc2d24964ccb181869""}}]",0,0,1,0,0,0,0,0,50,30
0,61eadfa0a458024eba812f17,"[{""nome"":""Teste"",""qtd"":0,""preco"":11,""_id"":{""$oid"":""61e965852d24964ccb1815af""}},{""nome"":""Refresco tamarindo"",""qtd"":2,""preco"":15,""_id"":{""$oid"":""61e96b5f2d24964ccb18170c""}},{""nome"":""Suco de uva"",""qtd"":0,""preco"":10,""_id"":{""$oid"":""61e96d632d24964ccb1817db""}},{""nome"":""Refresco basico"",""qtd"":1,""preco"":4,""_id"":{""$oid"":""61e973bc2d24964ccb181869""}}]",0,0,1,0,0,0,0,0,50,30
0,61eae013a458024eba812f28,"[{""nome"":""Teste"",""qtd"":0,""preco"":11,""_id"":{""$oid"":""61e965852d24964ccb1815af""}},{""nome"":""Refresco tamarindo"",""qtd"":2,""preco"":15,""_id"":{""$oid"":""61e96b5f2d24964ccb18170c""}},{""nome"":""Suco de uva"",""qtd"":0,""preco"":10,""_id"":{""$oid"":""61e96d632d24964ccb1817db""}},{""nome"":""Refresco basico"",""qtd"":1,""preco"":4,""_id"":{""$oid"":""61e973bc2d24964ccb181869""}}]",0,0,1,0,0,0,0,0,50,30
0,61eae1aea458024eba812f39,"[{""nome"":""Teste"",""qtd"":0,""preco"":11,""_id"":{""$oid"":""61e965852d24964ccb1815af""}},{""nome"":""Refresco tamarindo"",""qtd"":2,""preco"":15,""_id"":{""$oid"":""61e96b5f2d24964ccb18170c""}},{""nome"":""Suco de uva"",""qtd"":0,""preco"":10,""_id"":{""$oid"":""61e96d632d24964ccb1817db""}},{""nome"":""Refresco basico"",""qtd"":1,""preco"":4,""_id"":{""$oid"":""61e973bc2d24964ccb181869""}}]",0,0,1,0,0,0,0,0,50,30
0,61eae55da458024eba812f4a,"[{""nome"":""Teste"",""qtd"":0,""preco"":11,""_id"":{""$oid"":""61e965852d24964ccb1815af""}},{""nome"":""Refresco tamarindo"",""qtd"":2,""preco"":15,""_id"":{""$oid"":""61e96b5f2d24964ccb18170c""}},{""nome"":""Suco de uva"",""qtd"":0,""preco"":10,""_id"":{""$oid"":""61e96d632d24964ccb1817db""}},{""nome"":""Refresco basico"",""qtd"":1,""preco"":4,""_id"":{""$oid"":""61e973bc2d24964ccb181869""}}]",0,0,1,0,0,0,0,0,50,30
0,61eae574a458024eba812f5b,"[{""nome"":""Teste"",""qtd"":0,""preco"":11,""_id"":{""$oid"":""61e965852d24964ccb1815af""}},{""nome"":""Refresco tamarindo"",""qtd"":2,""preco"":15,""_id"":{""$oid"":""61e96b5f2d24964ccb18170c""}},{""nome"":""Suco de uva"",""qtd"":0,""preco"":10,""_id"":{""$oid"":""61e96d632d24964ccb1817db""}},{""nome"":""Refresco basico"",""qtd"":1,""preco"":4,""_id"":{""$oid"":""61e973bc2d24964ccb181869""}}]",0,0,1,0,0,0,0,0,50,30
0,61eae5e0a458024eba812f63,"[{""nome"":""Teste"",""qtd"":0,""preco"":11,""_id"":{""$oid"":""61e965852d24964ccb1815af""}},{""nome"":""Refresco tamarindo"",""qtd"":2,""preco"":15,""_id"":{""$oid"":""61e96b5f2d24964ccb18170c""}},{""nome"":""Suco de uva"",""qtd"":0,""preco"":10,""_id"":{""$oid"":""61e96d632d24964ccb1817db""}},{""nome"":""Refresco basico"",""qtd"":1,""preco"":4,""_id"":{""$oid"":""61e973bc2d24964ccb181869""}}]",0,0,1,0,0,0,0,0,50,30
0,61eae6e9a458024eba812f74,"[{""nome"":""Teste"",""qtd"":0,""preco"":11,""_id"":{""$oid"":""61e965852d24964ccb1815af""}},{""nome"":""Refresco tamarindo"",""qtd"":2,""preco"":15,""_id"":{""$oid"":""61e96b5f2d24964ccb18170c""}},{""nome"":""Suco de uva"",""qtd"":0,""preco"":10,""_id"":{""$oid"":""61e96d632d24964ccb1817db""}},{""nome"":""Refresco basico"",""qtd"":1,""preco"":4,""_id"":{""$oid"":""61e973bc2d24964ccb181869""}}]",1,0,0,0,0,0,0,0,100,30
0,61eae741a458024eba812f85,"[{""nome"":""Teste"",""qtd"":0,""preco"":11,""_id"":{""$oid"":""61e965852d24964ccb1815af""}},{""nome"":""Refresco tamarindo"",""qtd"":2,""preco"":15,""_id"":{""$oid"":""61e96b5f2d24964ccb18170c""}},{""nome"":""Suco de uva"",""qtd"":0,""preco"":10,""_id"":{""$oid"":""61e96d632d24964ccb1817db""}},{""nome"":""Refresco basico"",""qtd"":1,""preco"":4,""_id"":{""$oid"":""61e973bc2d24964ccb181869""}}]",0,0,1,0,0,0,0,0,50,30
0,61eae753a458024eba812f96,"[{""nome"":""Teste"",""qtd"":0,""preco"":11,""_id"":{""$oid"":""61e965852d24964ccb1815af""}},{""nome"":""Refresco tamarindo"",""qtd"":2,""preco"":15,""_id"":{""$oid"":""61e96b5f2d24964ccb18170c""}},{""nome"":""Suco de uva"",""qtd"":0,""preco"":10,""_id"":{""$oid"":""61e96d632d24964ccb1817db""}},{""nome"":""Refresco basico"",""qtd"":1,""preco"":4,""_id"":{""$oid"":""61e973bc2d24964ccb181869""}}]",0,0,1,0,0,0,0,0,50,30
0,61eae9f5a458024eba812fa8,"[{""nome"":""Teste"",""qtd"":0,""preco"":11,""_id"":{""$oid"":""61e965852d24964ccb1815af""}},{""nome"":""Refresco tamarindo"",""qtd"":2,""preco"":15,""_id"":{""$oid"":""61e96b5f2d24964ccb18170c""}},{""nome"":""Suco de uva"",""qtd"":0,""preco"":10,""_id"":{""$oid"":""61e96d632d24964ccb1817db""}},{""nome"":""Refresco basico"",""qtd"":1,""preco"":4,""_id"":{""$oid"":""61e973bc2d24964ccb181869""}}]",0,0,1,0,0,0,0,0,50,30
0,61eaeb61a458024eba812fb9,"[{""nome"":""Teste"",""qtd"":0,""preco"":11,""_id"":{""$oid"":""61e965852d24964ccb1815af""}},{""nome"":""Refresco tamarindo"",""qtd"":2,""preco"":15,""_id"":{""$oid"":""61e96b5f2d24964ccb18170c""}},{""nome"":""Suco de uva"",""qtd"":0,""preco"":10,""_id"":{""$oid"":""61e96d632d24964ccb1817db""}},{""nome"":""Refresco basico"",""qtd"":1,""preco"":4,""_id"":{""$oid"":""61e973bc2d24964ccb181869""}}]",0,0,1,0,0,0,0,0,50,30
0,61eaee8fa458024eba812fca,"[{""nome"":""Teste"",""qtd"":0,""preco"":11,""_id"":{""$oid"":""61e965852d24964ccb1815af""}},{""nome"":""Refresco tamarindo"",""qtd"":2,""preco"":15,""_id"":{""$oid"":""61e96b5f2d24964ccb18170c""}},{""nome"":""Suco de uva"",""qtd"":0,""preco"":10,""_id"":{""$oid"":""61e96d632d24964ccb1817db""}},{""nome"":""Refresco basico"",""qtd"":1,""preco"":4,""_id"":{""$oid"":""61e973bc2d24964ccb181869""}}]",0,0,1,0,0,0,0,0,50,30
0,61eaf226a458024eba812fdb,"[{""nome"":""Teste"",""qtd"":0,""preco"":11,""_id"":{""$oid"":""61e965852d24964ccb1815af""}},{""nome"":""Refresco tamarindo"",""qtd"":2,""preco"":15,""_id"":{""$oid"":""61e96b5f2d24964ccb18170c""}},{""nome"":""Suco de uva"",""qtd"":0,""preco"":10,""_id"":{""$oid"":""61e96d632d24964ccb1817db""}},{""nome"":""Refresco basico"",""qtd"":1,""preco"":4,""_id"":{""$oid"":""61e973bc2d24964ccb181869""}}]",0,0,1,0,0,0,0,0,50,30
0,61eaf296a458024eba812fec,"[{""nome"":""Teste"",""qtd"":0,""preco"":11,""_id"":{""$oid"":""61e965852d24964ccb1815af""}},{""nome"":""Refresco tamarindo"",""qtd"":2,""preco"":15,""_id"":{""$oid"":""61e96b5f2d24964ccb18170c""}},{""nome"":""Suco de uva"",""qtd"":0,""preco"":10,""_id"":{""$oid"":""61e96d632d24964ccb1817db""}},{""nome"":""Refresco basico"",""qtd"":1,""preco"":4,""_id"":{""$oid"":""61e973bc2d24964ccb181869""}}]",0,0,1,0,0,0,0,0,50,30
0,61eb03d9a458024eba81305c,"[{""nome"":""Teste"",""qtd"":0,""preco"":11,""_id"":{""$oid"":""61e965852d24964ccb1815af""}},{""nome"":""Suco de uva"",""qtd"":0,""preco"":10,""_id"":{""$oid"":""61e96d632d24964ccb1817db""}},{""nome"":""Refresco basico"",""qtd"":2,""preco"":4,""_id"":{""$oid"":""61e973bc2d24964ccb181869""}}]",0,0,0,0,0,0,0,1,20,8
0,61ef08edbdcef1e6f33fb921,"[{""nome"":""Teste"",""qtd"":0,""preco"":11,""_id"":{""$oid"":""61e965852d24964ccb1815af""}},{""nome"":""Suco de uva"",""qtd"":0,""preco"":10,""_id"":{""$oid"":""61e96d632d24964ccb1817db""}},{""nome"":""Denis"",""qtd"":1,""preco"":29,""_id"":{""$oid"":""61eea128bdcef1e6f33fb57c""}},{""nome"":""Refresco Uva Citrica"",""qtd"":1,""preco"":18,""_id"":{""$oid"":""61ef08e7bdcef1e6f33fb919""}}]",1,0,0,0,0,0,0,0,100,69
0,61ef08febdcef1e6f33fb92f,"[{""nome"":""Teste"",""qtd"":0,""preco"":11,""_id"":{""$oid"":""61e965852d24964ccb1815af""}},{""nome"":""Suco de uva"",""qtd"":0,""preco"":10,""_id"":{""$oid"":""61e96d632d24964ccb1817db""}},{""nome"":""Denis"",""qtd"":1,""preco"":29,""_id"":{""$oid"":""61eea128bdcef1e6f33fb57c""}},{""nome"":""Refresco Uva Citrica"",""qtd"":1,""preco"":18,""_id"":{""$oid"":""61ef08e7bdcef1e6f33fb919""}}]",6,0,0,0,0,0,0,0,600,69
0,61f1470a9e5be736b7d16df2,"[{""nome"":""Teste"",""qtd"":0,""preco"":11,""_id"":{""$oid"":""61e965852d24964ccb1815af""}},{""nome"":""Suco de uva"",""qtd"":0,""preco"":10,""_id"":{""$oid"":""61e96d632d24964ccb1817db""}},{""nome"":""Refresco Uva Citrica"",""qtd"":0,""preco"":18,""_id"":{""$oid"":""61ef0915bdcef1e6f33fb959""}},{""nome"":""Denis"",""qtd"":1,""preco"":29,""_id"":{""$oid"":""61f146559e5be736b7d16dd1""}},{""nome"":""Pink Tchola"",""qtd"":2,""preco"":15,""_id"":{""$oid"":""61f1466a9e5be736b7d16de3""}}]",0,0,0,0,0,1,0,0,200,59
0,627d70975efba8ab0a99b6c8,"[{""nome"":""Teste"",""qtd"":0,""preco"":11,""_id"":{""$oid"":""61e965852d24964ccb1815af""}},{""nome"":""Suco de uva"",""qtd"":0,""preco"":10,""_id"":{""$oid"":""61e96d632d24964ccb1817db""}},{""nome"":""Refresco Uva Citrica"",""qtd"":0,""preco"":18,""_id"":{""$oid"":""61ef0915bdcef1e6f33fb959""}},{""nome"":""Refresco tamarindo"",""qtd"":2,""preco"":15,""_id"":{""$oid"":""627d70405efba8ab0a99b692""}}]",0,0,0,1,0,0,0,1,30,29