__v,_id,estoque,nome,preco,qtd
,61de3fa339bfb29b1d0f0ee2,40,Suco de uva,10,0
0,61e18d12c37b0f3b8ed62263,5,Denis,29,0
0,61e18d31c37b0f3b8ed62265,20,Refresco tamarindo,15,0
0,61e18d6cc37b0f3b8ed6226a,50,Refresco basico,4,0
0,61ef06edbdcef1e6f33fb775,10,Refresco Top,22,0
0,61ef070bbdcef1e6f33fb777,20,Refresco Baunilha,15,0
0,61ef071dbdcef1e6f33fb779,15,Refresco Uva Citrica,18,0
0,61ef0749bdcef1e6f33fb77d,30,Refresco Limao,5,0
0,61ef075dbdcef1e6f33fb77f,25,Refresco Kiwi,5,0
0,61ef07d6bdcef1e6f33fb789,30,Refresco Manga,19,0
0,61ef07f2bdcef1e6f33fb78d,15,Refresco da Casa,20,0
0,61f146239e5be736b7d16da4,15,Pink Tchola,15,0
0,627d70fa5efba8ab0a99b83f,4,Tahem,58,0